-9.433531600409999385e+01,7.871364779930000566e+01,-2.311324751800000143e+01,3.221100331419999918e+01,-1.148893313630000002e+01,2.267088756389999915e+01,-1.357621071059999984e+01,1.733847329900000034e+01,-8.768235889579999665e+00,1.402246270730000077e+01,-8.823253708690000252e+00,6.665871914580000279e+00,-6.798265913699999885e+00,5.181945533360000411e+00,-4.715626617739999915e+00
-7.901829136940000353e+01,6.188097828040000081e+01,-5.388190146520000390e+00,5.822508086860000276e+01,1.299808853170000056e+01,2.741189530180000133e+01,-3.349907566799999792e+00,2.927766532240000075e+01,-5.166832358079999743e+00,1.914886995150000004e+01,-8.034028653179999813e-01,1.076888384029999912e+01,4.404703548519999678e+00,1.119335298979999926e+01,-1.340815526459999907e+00
-2.028791015749999929e+02,1.412335078110000097e+02,1.594531718210000015e+01,4.356780039369999713e+01,-1.018135875229999954e+01,1.691505959399999881e+01,-1.185300516869999932e+01,1.352735004790000062e+01,-1.514120433999999982e+01,1.122715718040000077e+01,-1.036627461800000027e+01,9.184310063770000809e+00,-1.949411600589999960e+00,1.520280534340000100e+00,-4.356261295490000407e+00
-5.655352245889999807e+01,8.839891039229999592e+01,-1.520121767040000016e+01,3.799451401110000148e+01,-7.525845506649999628e+00,2.831391528709999861e+01,-1.358042767069999934e+00,3.025569099559999842e+01,1.079075307199999889e+00,1.913174256539999973e+01,-1.329044227240000042e+00,8.099767537749999136e+00,-3.653514051660000206e+00,1.185635263900000069e+01,-4.345638328440000198e-01
-1.578386805510000102e+02,9.088491367730000547e+01,3.748300417489999870e+00,3.672204067740000255e+01,3.055736525539999970e+00,3.179795725460000000e+01,-8.005821103900000679e+00,2.160222704890000145e+01,-5.787072211049999915e+00,1.666726764059999866e+01,-2.563158506649999779e+00,1.200167473970000032e+01,-2.138014023509999806e+00,6.023951529849999709e+00,1.119340307599999917e+00
-1.582535845139999964e+01,7.446624275089999401e+01,-2.860522127819999927e+00,5.117045594529999875e+01,-7.877820101740000247e+00,2.939777820730000002e+01,-1.497537967300000084e+01,1.956611243180000059e+01,-8.906979575679999428e+00,1.209185481959999997e+01,-5.396470377330000012e+00,1.110052325700000075e+01,-3.479487567120000069e+00,5.834456705020000022e+00,-1.190014534159999915e+00
-6.810666709919999562e+01,6.743979433570000026e+01,1.136432132570000064e+01,4.393326413049999957e+01,-1.767733549569999951e+00,2.576671047110000146e+01,-9.824671309770000249e+00,2.262365221239999968e+01,-6.113327222129999683e+00,1.375364840910000019e+01,-6.515142123040000399e+00,1.196598654589999988e+01,-5.597666856530000068e+00,7.583517534590000331e+00,-5.415314863249999888e+00
-6.633833458559999485e+01,1.099569571789999998e+02,-5.455111655849999686e+00,4.387184407160000177e+01,-8.796094403050000565e+00,1.024970316559999972e+01,-1.203872601089999961e+01,1.886665003550000108e+01,-1.146526346019999920e+01,1.727927556459999892e+01,-2.448579023340000216e+00,1.451400739910000048e+01,5.167431803280000402e-01,6.132088421239999754e+00,-5.064013505410000171e+00
-1.176305554310000048e+02,5.967010965739999762e+01,-9.625144993419999517e-01,5.707480347330000114e+01,-9.025721552780000323e+00,2.832177203439999857e+01,-1.017005767879999922e+01,1.627786960599999944e+01,-6.761940712090000360e+00,1.532523720690000069e+01,-6.941181860390000402e+00,1.012585674780000033e+01,-5.788390040510000389e+00,5.951450788489999866e+00,2.625457621549999843e+00
-1.037031308720000027e+02,9.762248085589999391e+01,1.906408877600000107e+00,4.943276579479999810e+01,-5.131019265559999987e+00,3.309401751250000245e+01,-5.910542013979999787e+00,1.992568180159999969e+01,-6.866882761840000349e+00,1.712413742049999854e+01,-2.775305012120000026e+00,1.190754721729999943e+01,-7.836608452600000163e-01,6.891119075469999800e+00,-1.062127930860000014e+00
-7.270020478559999333e+01,8.672529019009999729e+01,-3.961669300829999685e+01,3.507873148920000261e+01,-1.338059217660000044e+01,3.262232981529999876e+01,-7.947419653749999924e+00,1.234694909389999928e+01,-5.966732702659999887e+00,1.603675126039999910e+01,-3.792918307039999881e+00,6.769114403719999729e+00,-5.452283954620000372e+00,1.020249769409999896e+00,-3.877377068399999960e+00
-8.331656375209999510e+01,9.433148118149999561e+01,-1.671746056349999954e+00,4.869615702360000142e+01,-3.764787383529999865e+00,1.947961829329999972e+01,-1.117733744489999914e+01,1.781712448460000076e+01,-7.890713278149999788e+00,1.822763768300000109e+01,-1.115888916129999942e+01,4.107624878010000202e+00,-1.069352860290000073e+01,5.477707407369999615e+00,-7.584936146739999607e+00
-7.170472454580000488e+01,1.192750146239999935e+02,-1.528840525310000054e+01,3.530628216110000039e+01,-1.637375891239999959e+01,1.786199197830000074e+01,-1.105483898580000002e+01,1.534343395920000042e+01,-7.504458581309999765e+00,1.617823008770000115e+01,-1.695022460809999965e+00,1.207073335850000007e+01,-5.160271568249999774e+00,8.493816204519999857e+00,-6.868013374870000298e+00
-1.152774484189999953e+02,1.336398951129999944e+02,-3.564513309809999697e+01,2.018823221730000128e+01,-7.602584647989999667e+00,4.143539183229999701e+00,-9.893096670409999405e+00,1.352843623320000077e+01,-3.283822675430000171e+00,3.754506638610000113e+00,-7.599612541629999996e+00,5.151523005029999602e+00,-6.176590443410000297e+00,4.789383751619999963e+00,-2.334020158620000007e+00
-5.148549500240000043e+01,8.800269663669999431e+01,-2.036944027739999896e+01,6.756882627010000419e+01,-4.685685720809999566e+00,2.033652105959999901e+01,-7.208129811750000115e+00,2.019566012150000134e+01,-8.132538405669999193e+00,6.441247857259999599e+00,-8.159227845320000228e+00,3.611982423889999794e+00,-9.338336894690000278e+00,8.997941312020000248e-01,-3.184556991470000042e+00
-8.069407068040000297e+01,9.282380086940000297e+01,-1.312133901300000005e+01,3.162233140820000088e+01,-1.271669505370000053e+01,2.783729493230000074e+01,-1.551903541130000086e+01,1.742732529310000089e+01,-1.198113668689999933e+01,1.314964117619999939e+01,-4.077855879690000407e+00,1.194841255859999940e+01,-5.382163281949999600e+00,6.868473599299999677e+00,-2.511514429950000071e+00
-9.686307424669999477e+01,8.522968679129999714e+01,-1.066307340640000056e+01,5.076875245250000290e+01,-1.035966632649999930e+01,2.021025714510000171e+01,-5.831342043050000257e+00,2.060896978430000104e+01,-6.126233408430000082e+00,1.452335989460000043e+01,-1.851447162149999937e+00,9.434664381370000186e+00,-7.864965924919999907e+00,4.201796608489999585e+00,-7.541421531830000191e+00
-7.706656911929999865e+01,9.793391144379999957e+01,-2.144555848530000031e+00,4.768437966049999943e+01,-8.942164214659999999e+00,2.547484592729999875e+01,-7.844268529999999906e+00,1.621012282399999904e+01,-8.750479708029999415e+00,1.702596254390000041e+01,-7.014226822560000407e+00,1.036667465280000044e+01,-8.392140008729999323e+00,4.999011890660000290e+00,-5.140165763179999736e+00
-1.117183971350000036e+02,6.062104477910000355e+01,-1.619494502850000117e+01,4.920514675719999786e+01,-7.398689846949999982e+00,2.004552041219999836e+01,-1.175252553660000032e+01,1.719921377800000073e+01,-9.067673449289999965e+00,1.208575815610000070e+01,-7.426378614459999916e+00,1.111668305349999919e+01,-8.974482348209999572e+00,5.652276443569999920e+00,-9.110895371750000749e+00
-7.609516220390000285e+01,9.573929242609999335e+01,-1.167364954690000012e+01,4.269540686650000083e+01,-6.141441395720000251e+00,2.547294531580000054e+01,-4.258864999880000113e+00,1.865369917680000000e+01,-6.995124000489999716e+00,1.522074746350000041e+01,-4.708981006770000199e+00,4.387211984600000392e+00,-7.790965315060000229e+00,3.856607366940000059e+00,-6.804156378920000137e+00
-1.197211515799999972e+02,6.450427824759999851e+01,-1.630253507060000118e+01,6.150227998329999934e+01,-8.976861800080000009e+00,2.702404778740000069e+01,-5.121617132669999961e+00,1.754127011039999928e+01,-3.711838354220000191e+00,1.754039605439999860e+01,-3.077857661669999967e+00,1.048617132839999933e+01,-1.596256224760000064e+00,7.285297052129999784e+00,-1.033708613279999966e-01
-2.691129619599999856e+01,9.213802564579999910e+01,-1.150403761749999987e+01,4.583515987399999858e+01,-8.838490897550000724e+00,1.803905074589999913e+01,-1.171718996110000077e+01,2.151492925559999847e+01,-1.028205100799999983e+01,1.224628010470000028e+01,-5.292119763449999681e+00,1.040639437069999929e+01,-6.743657072349999559e+00,5.159100662900000245e+00,-6.203523073310000413e+00
-1.110354678700000051e+02,1.174769112989999940e+02,6.765427245739999762e+00,3.550387894050000170e+01,-1.194819075999999924e+01,2.105299219460000160e+01,-1.342804894780000069e+01,1.409889812119999952e+01,-1.074413365160000033e+01,1.584083395959999940e+01,-4.993272189429999841e+00,1.288022036659999969e+01,-6.061142003819999680e+00,9.321067975949999251e+00,-3.756388786880000108e+00
-3.981114594969999843e+01,1.041177940040000038e+02,-2.357218356010000093e+01,4.477426465810000167e+01,-1.006933765349999987e+01,2.353669599410000046e+01,-8.922619025710000429e+00,1.541633462429999923e+01,-1.127125083940000039e+01,9.967837121460000560e+00,-4.434343543389999809e+00,7.578818610939999978e+00,-1.082087568350000062e+01,2.180923521960000055e+00,-7.481412623589999811e+00
-6.880180761079999741e+01,8.919432603650000146e+01,-3.701317458989999665e+01,3.865265248210000237e+01,-1.401525591749999933e+01,1.991921686759999943e+01,-8.296849702919999459e+00,1.180108936619999938e+01,-1.062542297709999950e+01,1.444160655179999964e+01,-2.745335888360000087e+00,6.258410939190000022e+00,-5.665525144550000114e+00,4.361368118589999732e+00,-4.900724853639999878e+00
-4.316230326969999709e+01,8.673153424929999744e+01,-1.647772451810000049e+01,4.482800324960000182e+01,-9.402550858579999726e+00,3.048558904129999902e+01,-2.648775479509999808e+00,2.209985424299999934e+01,-7.717326255679999747e+00,1.779373072839999992e+01,-1.248300822070000038e+00,8.360544624459999241e+00,-7.812084026840000028e+00,8.471047488419999993e+00,-1.058974341869999947e+00
-1.038932843270000035e+02,3.752186023259999814e+01,2.311367335779999976e+01,4.349833734959999987e+01,8.357730592730000296e+00,6.009508207599999707e+00,2.639438995459999937e+00,1.110409177989999918e+01,1.047883135099999974e+00,4.213618356819999633e+00,-2.250340623150000052e+00,6.101506237469999760e+00,-4.042518147660000061e+00,2.387300711490000005e+00,-6.812423440220000126e-02
-1.257609631889999946e+02,7.696216580690000342e+01,1.405196533330000008e+01,2.571022976380000102e+01,5.890530284169999575e+00,1.241269412349999968e+01,-6.339158936419999613e+00,8.045010327889999147e+00,-2.325195412879999868e+00,6.349397074929999718e+00,1.099352315269999991e+00,3.948840545940000002e+00,4.347139850189999599e+00,6.015557512960000075e+00,-2.827663664790000198e+00
-6.692161889839999844e+01,8.066162056919999657e+01,-4.869475443929999869e+00,2.729252807559999994e+01,1.534727476660000001e+01,7.695164476620000027e-01,6.322580632820000268e+00,9.807809026430000188e+00,-9.464904588930000529e+00,8.625450521219999445e+00,-4.321131327459999838e+00,2.874181198520000091e+00,9.871860858369999603e-01,-2.220798714059999845e+00,2.942403996660000187e-01
-7.660981548249999662e+01,6.842428722610000591e+01,9.256892107349999677e+00,2.562729932350000084e+01,6.222810429069999927e+00,1.122699539659999957e+01,8.597848503659999864e+00,9.318028640379999672e+00,3.875599370040000213e+00,9.621960438180000352e+00,3.961990279590000275e-01,7.396372387129999559e+00,5.285470858170000508e-01,5.640262148429999733e+00,-1.462362833770000092e+00
-3.376996669089999870e+01,4.386901588479999958e+01,3.426908292520000288e+01,2.720126000679999834e+01,4.918260831639999608e+00,2.289868882380000059e+01,5.176919703480000301e+00,9.408413921490000220e+00,1.427510620460000101e+00,7.816615619030000239e+00,3.771434000769999795e+00,4.490333850649999903e+00,-2.664011307510000037e+00,-6.031111338650000375e-01,-1.612860223510000024e+00
-2.803964724740000136e+01,6.929890675880000117e+01,-2.313382001659999965e+00,6.933722035329999756e+00,2.666558084930000128e+00,6.058734754579999660e+00,1.848565190080000065e+01,-3.389244009380000255e-01,5.661028294860000365e+00,9.596535457039999883e+00,1.005574834749999980e+00,4.127545853750000049e+00,2.753122571730000079e+00,2.285439036630000142e+00,2.047263306270000083e+00
-1.506477496869999868e+02,1.085016363149999989e+02,4.161390445270000349e+00,2.548758084139999980e+01,2.178345010829999850e+01,1.232097566630000074e+01,4.929266951809999853e+00,1.642048481300000162e+01,2.148055769479999988e+00,9.459075078259999714e+00,6.596628585959999569e+00,3.394490192610000179e+00,3.144693197110000060e-01,2.340038294739999802e+00,-1.774163538700000098e+00
-2.105030405160000129e+01,6.628013730419999661e+01,-4.484835253349999995e+00,4.418509542540000012e+01,1.097127301639999963e+01,1.051222718830000069e+01,-1.002084017560000095e+00,1.502269384509999917e+01,7.560402954909999806e+00,9.877228872970000850e+00,1.380476999839999941e+00,5.419747756699999641e+00,2.611278610999999916e+00,1.145027001110000109e+00,-2.207592373979999856e+00
1.599126910360000098e+00,5.696567112660000021e+01,-3.642904987380000126e+00,2.817686734369999968e+01,-3.224307324250000217e+00,1.529793543709999959e+01,2.457369663760000211e+00,7.188352482440000024e+00,8.089294024759999147e+00,1.072264936730000073e+01,4.483195314459999636e+00,8.266814089369999508e+00,8.139669661599999717e-01,5.269900891329999837e+00,1.693819791729999968e+00
-1.113173461699999933e+02,7.072139056640000376e+01,1.664399646009999856e+01,2.918535582799999872e+01,1.324002279309999963e+01,1.205926930350000070e+01,2.217666246739999902e+00,1.953548819270000081e+01,1.649982797350000086e+00,1.321672553019999974e+01,-1.055539237260000096e+00,6.681390802520000172e+00,4.050917492600000003e+00,2.363335954350000101e+00,1.841033806890000069e+00
-2.527552633459999925e+02,5.922023147529999676e+01,-9.633848183750000516e+00,3.732838264589999966e+01,1.369595722380000069e+01,1.560376683460000002e+01,5.875247265459999646e+00,7.435909331040000403e+00,4.485711175449999644e+00,1.162590928400000045e+01,5.997004085830000442e+00,8.139494403540000533e+00,8.082550258119999498e+00,7.291204783999999606e+00,4.366725896020000164e+00
-1.289654044609999914e+02,4.535328138919999930e+01,1.237428568410000018e+01,1.311784934119999946e+01,-5.662580382639999854e+00,-9.777506980319999874e-02,2.063868756010000194e+00,-6.039396199149999589e+00,-3.482935594969999826e+00,2.455563935589999858e+00,-1.261833860999999946e+00,-1.719739757019999926e+00,-2.190930527719999965e+00,-1.214820537250000054e+00,8.423693125039999341e-02
-2.199097313660000097e+01,8.559453818800000136e+01,-1.615552337100000102e+01,3.000151002140000145e+01,6.213854934639999605e+00,1.079689437709999922e+00,4.827052000820000188e+00,8.671295659609999262e+00,-3.260622313889999901e+00,6.779634945639999799e+00,2.139579229919999825e+00,1.951035635109999999e+00,1.191361603290000071e+00,4.218207711099999924e-01,6.433028026279999922e-01
-1.084170503640000049e+02,1.001686889850000028e+02,3.227952746159999720e+01,7.704730584140000005e+00,3.641664402039999970e+00,4.319524682810000016e+00,6.967767250189999650e+00,-1.419377865159999974e+00,9.410921612510000367e-01,1.981617548450000044e+00,2.520851146810000110e+00,7.930625143899999729e-01,4.046182907320000077e-01,-2.816947616409999799e+00,9.620721916179999500e-01
-1.930005738849999943e+02,1.272374783900000068e+02,4.370647130150000237e+01,1.065249130700000002e+01,3.157294277240000113e+00,-6.809437305210000346e+00,5.656117329809999816e-01,-8.613332413389999331e+00,-1.392209684170000017e+00,6.020923265090000420e+00,1.011428255890000072e+00,1.157487925250000060e+01,6.185678022590000324e+00,2.348003802089999870e-01,3.662752024390000249e-01
-5.843870410139999905e+01,7.386286953990000370e+01,2.732569988539999883e+00,3.211310988609999839e+01,2.545799304119999995e+00,5.671021591409999729e+00,2.999587644840000067e+00,5.918997871130000199e+00,9.720818673780000196e+00,5.095834081469999610e+00,6.340175390649999798e+00,5.655692179469999914e+00,4.383552394319999657e+00,3.381481024729999785e+00,-9.982509462390000143e-01
-6.908547298620000277e+01,5.936738443229999973e+01,1.186023643290000074e+01,3.284501010620000017e+01,1.204143198589999919e+01,1.507873418800000032e+01,9.167789383049999685e+00,1.100308720459999989e+01,5.267317366620000385e+00,1.629164149569999864e+01,1.260232446210000035e+01,6.935740020839999964e+00,4.538502941770000021e+00,3.153722922260000061e+00,5.607393500649999751e+00
-1.665275307160000011e+02,1.326777987799999892e+02,-1.574103322450000064e+00,2.200671163710000044e+01,1.095657338220000021e+01,4.649644847060000252e+00,7.704929994709999619e+00,1.116239413509999956e+01,8.446658121389999607e+00,8.782022422080000723e+00,6.759284371849999751e+00,1.140378347070000054e+01,7.719391561910000199e+00,2.139424130360000120e+00,2.489926602090000163e+00
-2.480991907229999924e+02,8.890817903479999984e+01,-2.754798371109999877e+01,1.820803592009999861e+01,-4.830818903840000123e-01,-8.637256285970000391e+00,6.091552280340000181e+00,-6.979225467240000036e+00,-7.162612463600000368e+00,1.307856709710000054e+01,-3.273480940979999865e+00,-8.694616343390000779e+00,8.782062542820000539e-01,-6.178874948029999814e+00,-1.168093531439999971e-01
-1.084170503640000049e+02,1.001686889850000028e+02,3.227952746159999720e+01,7.704730584140000005e+00,3.641664402039999970e+00,4.319524682810000016e+00,6.967767250189999650e+00,-1.419377865159999974e+00,9.410921612510000367e-01,1.981617548450000044e+00,2.520851146810000110e+00,7.930625143899999729e-01,4.046182907320000077e-01,-2.816947616409999799e+00,9.620721916179999500e-01
-9.327984525840000174e+01,9.579433645999999669e+01,1.652762509509999944e+01,2.714021996940000037e+01,1.190558800610000034e+01,9.637796231379999412e+00,4.628518140690000005e-01,7.819874059650000042e+00,2.153388822480000186e+00,7.658995421319999553e-01,2.626255486969999886e+00,4.752726269420000094e+00,2.133718388830000201e+00,1.087589917180000088e+00,-2.055430759860000123e+00
-8.294364788519999365e+01,6.131858247209999746e+01,3.845078851510000106e+01,2.780730862969999961e+01,1.504381193799999927e+01,9.596924393960000188e+00,4.170810838979999602e+00,5.047693474029999905e+00,3.208215822650000160e+00,-1.273755203209999909e+00,3.254658924320000146e+00,4.927139607620000028e+00,1.779704164660000032e+00,7.177699192590000443e+00,5.722540360330000020e+00
-8.994764736439999808e+01,7.990556070729999760e+01,2.951601826019999919e+01,4.544618776909999980e+01,1.103208425030000051e+01,1.990417808640000175e+01,4.731725188439999563e+00,9.260086197290000598e+00,2.467205393149999981e+00,3.392673795459999919e+00,-1.049531181160000104e+00,1.312370689360000009e+00,-1.644428513929999891e+00,8.304940058780000411e-01,-4.050073714459999863e+00
-5.047163121460000212e+01,4.559136393109999830e+01,3.613632221200000316e+01,5.332366837560000050e+01,1.147703959490000081e+01,1.595550545200000059e+01,1.068336935850000025e+01,1.073040784730000041e+01,9.450034085229999548e+00,4.067884792680000139e+00,3.179052038160000038e+00,5.789825438870000340e+00,5.231629166910000350e+00,1.406609757420000051e+00,3.662946561680000102e+00
-1.171585762130000035e+02,1.258254667260000019e+02,2.491443512589999898e+01,3.764486919899999862e+01,2.592177044620000004e+01,8.421968241089999863e-01,1.496638706050000067e+01,4.974762297590000215e-01,8.491537239739999521e+00,-3.172277323869999943e+00,8.238855672450000611e+00,8.324539164549999981e-01,2.051723691689999907e+00,4.505342587620000394e+00,-1.220353778250000021e+00
-8.726628022910000482e+01,7.766074608969999815e+01,2.958517695600000152e+01,5.101618054640000111e+01,4.420652228399999828e+00,1.830402777700000172e+01,3.105422947420000135e+00,9.652880242420000201e+00,2.743662192409999978e+00,4.130892769169999923e+00,-4.136826780119999825e-01,9.441374168210000528e-01,-2.369937659970000166e+00,2.213176787030000092e+00,-8.296858322879999692e-01
-1.521722283290000064e+02,8.614222840360000077e+01,2.585237438120000064e+01,2.685721234760000087e+01,1.040846763400000086e+01,1.680002364599999964e+01,8.634041106379999775e+00,9.882318995280000351e+00,5.522296303420000108e+00,5.944504018049999949e+00,2.002109076170000002e+00,3.747180534279999975e+00,4.782834243509999972e+00,4.992257138090000268e+00,9.781675812929999658e-01
-1.558760221480000041e+02,6.868151347090000058e+01,3.967904561680000342e+01,2.078077498880000107e+01,5.911714834979999722e+00,8.681406013700000202e+00,1.118646334880000026e+01,6.686956150370000351e+00,4.414788197720000085e+00,7.584837422839999732e+00,5.097543815089999875e+00,3.705733985380000206e+00,4.093038701540000268e+00,3.146116210689999804e+00,6.050632765529999624e+00
-1.177178688770000008e+02,6.290764799299999765e+01,3.254581057720000103e+01,1.102984393929999918e+01,1.448537481880000044e+01,1.280603410510000018e+01,7.020814518649999947e+00,4.455001809509999688e+00,7.109591884820000374e+00,4.267368485070000439e+00,4.060292265590000227e+00,4.376319832720000136e+00,3.964754715929999840e+00,2.590997240420000125e+00,8.002217944359999446e-01
-1.507889500050000038e+02,1.218017296369999940e+02,-1.456064317360000082e+01,3.377167145500000345e+01,8.171764827780000573e+00,1.246261306090000076e+01,7.641480790630000186e+00,9.797656182249999901e+00,8.169172088739999893e+00,7.159051294720000236e+00,3.655768603739999900e+00,2.763710541210000038e+00,-4.197565455930000411e+00,-4.385403047499999651e+00,-1.580853437239999881e-01
-1.107029728250000034e+02,7.721757590020000350e+01,3.374675132030000135e+00,4.760417380540000210e+01,8.548948422829999672e+00,2.525071022999999926e+01,5.656651918549999714e+00,1.578192670500000006e+01,7.662763177140000437e+00,1.494823517879999919e+01,6.339389465600000051e+00,1.117909398449999969e+01,3.543804362649999984e+00,-2.302215992209999840e+00,8.577464070279999797e-01
-1.128495190259999958e+02,8.999108736169999645e+01,2.798346764040000156e+00,5.385909951549999874e+01,1.925537071810000000e+01,1.783844661450000046e+01,1.473039916189999943e+01,1.408042942920000051e+01,7.922076988729999769e+00,9.241703941709999981e+00,6.962325927100000200e+00,4.123709816379999893e+00,5.913831169550000100e-01,8.902303022959999756e-01,1.755223514110000105e+00
-1.225694317049999995e+02,6.940781174250000163e+01,-1.225944142580000040e+01,4.280624797910000012e+01,5.175568820979999707e+00,2.370684101220000173e+01,1.041705085939999975e+01,1.205768176950000026e+01,2.961357351300000218e+00,6.363505295979999588e+00,8.892358235360000099e-03,1.042037521569999958e+00,-2.362817301750000099e-01,-9.343361203209999966e-01,-1.775096195379999964e+00
-1.320961011690000078e+02,9.174658619379999891e+01,9.612929746120000285e-01,4.696175690620000154e+01,1.383536770169999919e+01,1.623384571509999930e+01,1.216285146449999921e+01,1.059685002580000024e+01,8.976261978249999274e+00,1.217051586410000041e+01,3.226533394270000077e+00,4.554076903000000343e+00,1.540361975409999973e+00,2.133358617519999889e+00,-5.978175777399999946e-01
-1.644187546820000136e+02,1.009645033320000067e+02,-4.474209363780000004e+00,6.031712478450000248e+01,1.117825644100000027e+01,2.186205439869999978e+01,1.471562013600000007e+01,1.387630702020000051e+01,9.789659394079999188e+00,1.360112760300000012e+01,6.494769148099999612e+00,7.491488182810000396e+00,2.988569431570000212e+00,2.339069352800000168e+00,2.468911366309999966e+00
-1.298262571969999897e+02,1.015732647600000007e+02,-9.759442047160000300e+00,3.602589340720000166e+01,1.986250400349999978e+01,2.129529616809999837e+01,5.720911539540000312e+00,8.989644715400000763e+00,7.772850211649999785e+00,6.886541309100000063e+00,7.688456558700000443e+00,3.616807474979999881e+00,2.444983779979999827e+00,5.802034281110000080e-01,5.550524115270000225e-01
-1.533340166229999966e+02,8.849955213760000561e+01,1.268757566610000076e+01,2.511608880160000012e+01,1.443591783749999991e+01,1.465597217390000040e+01,9.057570366440000242e+00,5.515933286870000174e+00,-2.167531334929999887e-01,1.203394913899999974e+00,2.865715890510000197e+00,3.805142103640000162e+00,1.295094823899999970e+00,4.839166920010000261e+00,-2.825932377260000017e+00
-1.060766949390000065e+02,8.341660301509999442e+01,-5.642271777999999571e+00,3.846339988060000081e+01,7.694663310770000209e+00,4.333978500039999737e+00,-7.059179485479999627e+00,-4.219947029560000118e+00,-3.092524776129999875e+00,-1.062127593830000105e+00,1.676289212500000070e-01,-1.572164648190000014e+00,-1.596050120040000062e-02,3.119727344080000186e+00,2.112536606590000032e-02
-8.080677876929999570e+01,8.074755435049999619e+01,1.596772340879999952e+01,4.879507545519999923e+01,4.541568695529999644e+00,1.215275439120000023e+01,-1.027317922499999980e+00,5.919361972579999964e+00,1.066610808939999933e+00,-6.640643858879999861e-01,-7.418125813689999681e-01,6.093719415460000510e-01,-1.878169883330000012e+00,3.298119939819999846e+00,-1.910487887850000011e+00
-1.551514931160000117e+02,8.719412504490000515e+01,4.987901783670000100e+01,3.195167742880000006e+01,1.275179486599999912e+01,1.373738817619999963e+01,6.376377401840000125e+00,1.037686737369999967e+01,1.550722832319999966e+00,1.781481105359999928e+00,5.522189940169999645e+00,4.880773248639999728e+00,-1.479334221420000040e+00,2.990157175409999812e+00,-7.856060025209999909e-01
-1.007375461150000007e+02,1.040288333999999963e+02,1.644994078510000080e+01,3.192301850670000007e+01,-4.058990978349999779e+00,2.051971820229999910e+00,5.423974692569999867e+00,1.083384573050000022e+01,2.366021121040000175e+00,7.573935358309999977e+00,2.508689433799999868e+00,2.198146957730000128e+00,-1.919484156090000004e+00,2.743109855570000200e+00,1.660220105729999895e+00
-7.982760420239999632e+01,6.409572264850000067e+01,1.899662048029999895e+01,2.623583495540000143e+01,1.292103451870000086e+01,5.769453419439999564e+00,3.300207447210000034e+00,4.694058390470000397e+00,4.942187423410000058e+00,1.232172945849999923e+00,1.699237338299999900e+00,3.913140735679999871e+00,5.263632016219999876e+00,5.000845895980000400e+00,4.139848738619999580e+00
-5.648916986079999702e+01,7.505078697449999936e+01,2.391240090319999823e+01,4.378526881810000049e+01,1.038121601329999955e+01,1.601235217820000045e+01,-4.941745853039999914e-02,8.168252316209999364e+00,3.109515150890000079e+00,3.457758131899999920e+00,-6.266375116019999858e-01,2.513763203139999902e+00,-9.738024797069999572e-01,5.618266626559999949e-02,-3.274841040260000113e+00
-6.600107161910000286e+01,4.067757002289999946e+01,4.293152419340000137e+01,4.926210523750000192e+01,9.429230566870000274e+00,1.571753236830000056e+01,8.703000851680000594e+00,2.696706849949999985e+00,4.661868917009999613e+00,3.236388925840000041e+00,3.388542251810000128e+00,3.741197961180000142e+00,3.070060403839999896e+00,2.732345501550000222e+00,3.814124719640000105e+00
-1.018145259049999964e+02,1.142405607310000022e+02,-1.570438527329999978e+01,4.020789265100000165e+01,-1.107176571309999957e+01,1.866091001139999861e+01,-1.180680620450000085e+01,1.248863534960000088e+01,-1.366158920600000037e+01,1.061912506380000032e+01,-9.351640509310000127e+00,6.665504896599999896e+00,-9.111684207330000618e+00,2.169216593649999858e+00,-5.383606018090000056e+00
-8.830636229329999765e+01,1.475668816890000130e+02,-2.072551475599999904e+01,3.943956258560000094e+01,-3.133487288169999885e-01,2.888682418679999842e+01,-4.679141109169999702e+00,1.440929960170000079e+01,-1.266821125619999933e+01,8.580563341130000410e+00,-3.634821976430000046e+00,9.437944993189999465e+00,-3.747172508539999836e+00,2.655608130410000101e+00,-4.263297927270000010e+00
-1.429661958990000130e+02,1.207242532960000005e+02,-2.087877987370000099e+01,4.426213079349999902e+01,-1.801914190470000010e+00,2.430609876340000142e+01,-1.180144462420000018e+01,1.468135982030000086e+01,-8.616473376880000146e+00,1.110574405460000058e+01,-5.766752370719999909e+00,1.512735301700000079e+01,-1.223796890820000094e+00,5.845764919459999653e+00,-2.619363023470000051e+00
-1.416349306950000084e+02,1.392973439460000122e+02,-4.618471687289999572e+00,3.585522931239999878e+01,-1.933416280459999914e+00,3.308766665489999781e+01,-1.651086978819999995e+00,1.744813368730000036e+01,-1.319535867609999968e+01,1.255936736670000009e+01,-2.885004314930000202e+00,1.154122929400000075e+01,-5.022799226450000099e+00,7.971562869219999570e+00,-9.166181435350000128e-02
-1.295061362579999980e+02,1.329431272879999995e+02,9.133690602999999797e+00,5.631961824100000058e+01,2.411074186790000073e+00,3.656682919410000210e+01,-1.150175514050000025e+01,1.491814072290000048e+01,-7.297919854149999885e+00,5.291954635129999751e+00,-4.507429788519999647e+00,1.193411872130000084e+01,-8.085683616949999930e+00,1.523335457079999955e+00,-3.632570069709999849e+00
-5.812082885110000063e+01,1.529623451619999912e+02,-4.539512781780000239e+01,2.902183122810000171e+01,-1.365653838020000066e+00,1.546136102680000057e+01,-1.687424526170000050e+01,1.379162862999999994e+01,-9.352848906300000209e+00,4.130532417340000428e+00,-2.739615452949999863e+00,6.619581362239999933e+00,-1.126985684080000105e+00,3.887180613750000013e+00,-2.432675862720000026e+00
-9.251317126589999873e+01,1.420031556309999985e+02,-4.095854925510000299e+01,4.535289306810000198e+01,-7.727525547369999970e+00,6.739355360730000299e+00,-8.523743468199999285e+00,1.257157291659999920e+01,-6.153135964919999701e+00,1.887995261709999983e+00,-8.648997816039999620e+00,2.850041403420000119e+00,-8.525178379359999781e+00,-6.867352940180000420e-01,1.551389523139999893e+00
-1.327068489030000080e+02,1.573150500360000024e+02,-7.351095964999999843e+00,3.870130234639999856e+01,3.705201807079999909e+00,2.072365615180000020e+01,-1.334866510490000024e+01,1.524393547470000065e+01,-1.305456012460000004e+01,8.376729054300000143e+00,-9.340003817639999539e+00,3.764354775630000205e+00,-8.271161161980000287e+00,2.760841362369999885e+00,-5.485793622450000129e+00
-8.757737072219999419e+00,1.377300859940000066e+02,-3.440895065640000183e+01,1.749494696109999836e+01,-1.251774279450000016e+01,2.655626880719999861e+01,-1.619820628049999911e+01,1.261855053730000087e+01,-1.397155765729999999e+01,1.048354310759999919e+01,-2.877076012169999863e+00,8.343752977799999471e+00,-2.954217348549999844e+00,6.303637109850000364e+00,9.380883382089999500e-01
-1.912956322930000113e+02,1.682037591780000128e+02,-1.485325304390000101e+00,2.871134017489999835e+01,-5.161221452170000390e+00,2.666002702810000002e+01,-2.625290078659999971e+00,1.624361178170000031e+01,-5.932729380449999645e+00,8.447929550230000473e+00,-4.625385013419999858e+00,7.846874738680000405e+00,-3.363665091880000180e+00,6.594368329469999956e+00,-4.636819842809999592e+00
-1.134475449650000058e+02,1.216581677310000060e+02,-7.820956952700000020e-01,4.243184470319999946e+01,-5.628724086900000145e+00,1.947373744600000123e+01,-1.337968874010000064e+01,2.165998533950000038e+01,-3.905883652700000042e+00,1.283259558670000011e+01,-1.425762957599999936e+01,8.458932168520000516e+00,-9.147201975070000657e+00,2.690035555040000137e-01,-7.763515487450000307e+00
-1.496622148399999901e+02,1.266812360969999958e+02,6.875604852929999566e+00,4.353354463040000155e+01,-5.582207382780000060e-01,2.171386499680000171e+01,-5.295795796190000182e+00,2.391960606319999982e+01,-8.786597958110000661e+00,1.413863318599999985e+01,-1.212866056250000035e+01,6.568020844130000313e+00,-1.159655873430000028e+01,1.939889055310000110e+00,-8.662706354970000078e+00
-2.250338918660000047e+02,1.229471346990000029e+02,-6.885205409090000117e+00,4.980321554500000047e+01,4.044114837939999596e+00,2.834484082570000041e+01,-5.791931859610000011e+00,2.129150342910000049e+01,-5.118539009570000076e+00,8.428917057959999681e+00,-8.363833353249999547e+00,5.246361890740000256e+00,-6.544659172240000267e+00,3.990962408090000135e+00,-6.354359827629999735e+00
-1.827037471630000027e+02,1.108353059610000031e+02,3.568851088230000101e+01,5.697829384220000293e+01,-2.299910930659999853e+00,2.366196891090000065e+01,-6.429025897689999880e+00,1.832149070230000021e+01,-3.120805312869999959e+00,1.540545004900000059e+01,-1.219036205209999935e+01,1.006662126260000001e+01,-8.277774792109999780e+00,7.208778479200000255e+00,-7.620723407269999861e+00
-2.237126461500000119e+02,1.204191969710000052e+02,-6.006833572549999722e+00,5.034322037529999960e+01,-6.228155777449999597e+00,1.767010594470000129e+01,-7.518826536989999809e+00,1.445673607940000061e+01,-6.924676879269999752e+00,6.110224519199999982e+00,-1.252538800249999973e+01,7.798011556059999627e+00,-8.725960495340000733e+00,4.479559762720000116e+00,-4.371156103999999765e+00
-1.741320311350000054e+02,1.063097377659999978e+02,-1.252225218329999912e+01,4.410085511479999809e+01,-1.089661952249999999e+01,8.308226155059999840e+00,-1.461746372049999998e+01,1.022575592929999999e+01,-1.188187657739999992e+01,5.797530788469999585e+00,-1.244319943980000076e+01,9.656167138549999862e+00,-7.435436491299999950e+00,7.087683576069999880e+00,-5.447933215649999994e+00
-1.653244043959999843e+01,8.801831566129999374e+01,-2.688326266389999830e+01,4.115024558729999882e+01,-1.215836440850000066e+01,1.882784144320000053e+01,-1.318853371850000045e+01,2.031464807140000062e+01,-1.112616664839999991e+01,1.634582872569999878e+01,-6.998277990890000133e+00,7.027339722129999799e+00,-8.851984825320000638e+00,6.123265835640000487e-01,-1.661263260129999919e+00
-4.920752354910000292e+01,1.037465349189999984e+02,-3.531295166639999650e+01,4.429351823260000032e+01,-8.694238942260000158e+00,1.941938145789999837e+01,-9.605416657610000186e+00,1.415601945420000085e+01,-9.366360709420000319e+00,1.215282436989999937e+01,-7.340532108009999668e+00,6.901076196450000033e+00,-7.645196441909999585e+00,-1.397659667879999956e+00,-4.455974994009999968e+00
-7.463126172329999974e+01,1.008750877880000019e+02,-2.385855923680000146e+01,4.357190114849999674e+01,-4.594656078339999894e+00,2.344883065699999847e+01,-1.170378887899999931e+01,1.867644089550000075e+01,-9.505333844520000852e+00,1.539813822160000001e+01,-7.483826201140000300e+00,8.671118547700000789e+00,-5.389066881959999833e+00,1.590998370469999923e+00,-4.146876463439999938e+00
-6.931928939050000338e+01,9.410223935220000158e+01,-3.670572693820000154e+01,4.213600823819999874e+01,-1.193704642980000052e+01,1.865484934079999846e+01,-1.282691259329999944e+01,1.254405687050000040e+01,-1.579081054959999975e+01,5.991701736869999628e+00,-1.216118640190000022e+01,3.710389326340000071e+00,-9.209746322459999135e+00,1.434134376150000056e+00,-1.767914186979999913e+00
-6.159592509769999680e+01,1.155074575350000003e+02,-2.315465477640000103e+01,3.447796827759999871e+01,-1.526547635520000057e+01,1.676060411979999998e+01,-1.206895278960000084e+01,1.169942437539999958e+01,-1.877856358960000094e+01,1.404154684340000081e+01,-1.211179442819999963e+01,3.800690256889999841e+00,-5.594200072559999626e+00,-4.518275014450000016e-01,-6.406063892739999766e+00
-5.434427178440000006e+01,1.121998978759999943e+02,-2.473630097799999916e+01,3.438306677730000160e+01,-1.745245458560000174e+01,1.433859320110000013e+01,-1.536278561019999955e+01,9.830064624860000322e+00,-2.182578345809999831e+01,1.434234398439999936e+01,-8.491479064669999133e+00,3.542122739549999899e+00,-3.077362202119999779e+00,-1.954758675809999957e+00,-6.311956816640000412e+00
-2.569195778989999823e+01,1.086631680079999995e+02,-3.345169302339999717e+01,2.630825732070000100e+01,-2.032003324740000139e+01,1.532425992039999940e+01,-1.500409088810000036e+01,8.697218661490000002e+00,-2.265547802380000064e+01,1.192055051250000020e+01,-1.322092337159999964e+01,2.773890097139999789e+00,-7.311067796419999709e+00,-1.677635860090000097e+00,-5.052473136359999728e+00
-5.828017681130000227e+01,1.020820774710000052e+02,-1.506913814159999987e+01,3.485536900440000352e+01,-1.422471103260000014e+01,2.061747220270000014e+01,-1.453687631490000065e+01,1.371785873540000011e+01,-2.000113034980000037e+01,1.004975827180000003e+01,-1.173026005450000042e+01,7.254231264470000440e+00,-7.321284917839999906e+00,-1.586547799399999903e+00,-8.173950899930000347e+00
-3.651608388769999891e+01,1.004083800190000062e+02,-3.369230051529999770e+01,4.458860233010000229e+01,-9.357121027359999843e+00,1.915837833260000167e+01,-9.562265723110000337e+00,1.118394305029999991e+01,-1.588960595370000028e+01,1.208319667559999999e+01,-1.012802569319999968e+01,3.634743388089999971e+00,-5.444749869839999867e+00,-2.854385235829999812e-01,-6.754036896669999734e+00
-4.202578514689999878e+01,8.868825982529999408e+01,-3.501520841229999803e+01,4.437217384920000285e+01,-1.359266410000000036e+01,1.540984860000000012e+01,-9.247702976170000255e+00,1.468006222880000067e+01,-1.224134304200000045e+01,1.662360604630000083e+01,-1.198453364639999918e+01,4.911808204099999742e+00,-7.019806056050000187e+00,2.706361766320000001e-02,-3.299612000120000221e+00
-4.855003742920000320e+01,9.838143396329999746e+01,-2.738582539060000087e+01,4.019793258339999653e+01,-1.261543248819999974e+01,1.849490689090000117e+01,-8.194364237549999430e+00,1.699559302189999954e+01,-1.504699559160000000e+01,1.574930781139999958e+01,-8.733133487230000824e+00,5.073008492009999593e+00,-5.283226066250000130e+00,-1.824590213989999987e-01,-7.489630468939999730e+00
-9.301206718340000634e+01,7.369862703980000163e+01,-1.225163142279999917e+01,3.522953112329999925e+01,5.161815279009999813e+00,1.883080599359999852e+01,-6.752436822690000007e+00,7.691915406199999694e+00,-7.889123342979999620e+00,1.269197791180000046e+01,7.206093692549999652e-01,3.461090299779999935e+00,3.305204474169999962e+00,-9.031432581839999862e-01,2.808221396430000016e+00
-6.970071799320000139e+01,9.750766525279999541e+01,-3.143202896309999872e+01,4.320345642019999843e+01,1.146267759050000024e+01,2.201413144909999886e+01,1.088245636060000088e+01,9.286182239340000422e+00,2.389640344420000062e+00,6.511637900600000251e+00,-4.665362455770000416e+00,-9.997624980199999456e-01,-1.334948847399999972e+00,-2.893814779890000022e+00,-2.029514294070000169e+00
-3.832570485149999939e+01,8.730310757990000070e+01,-1.456486358839999973e+01,4.061533011310000063e+01,1.149614067370000048e-01,1.535243063459999924e+01,-4.369803794240000094e+00,7.234645323569999675e+00,-4.230019931700000235e+00,6.502831388499999754e+00,1.489335505369999979e-01,1.378212158650000019e+00,-7.935621693729999482e-01,3.155867150110000185e+00,5.474090740489999662e-01
-1.320437595450000003e+02,7.636027503789999571e+01,3.311676835720000156e+01,3.504507442730000122e+01,-1.850276213169999906e+00,2.102853481640000055e+01,-5.896037118349999773e+00,1.150158075330000074e+01,-4.982081531689999565e+00,5.062660081549999802e+00,-1.478863067330000058e+00,-6.353834787340000290e-01,-3.392865257830000036e+00,2.782758817930000017e+00,1.096109836349999922e+00
-9.987743247849999761e+01,8.196548113279999370e+01,-1.066633775080000035e+01,2.277477731720000165e+01,-6.407961371389999883e+00,-2.473196760610000045e+00,6.161649827820000480e-01,-3.328965111740000093e+00,-8.690960772900000464e+00,-5.831334213100000108e-01,-2.994816204830000217e+00,-6.530888978650000176e-01,-4.404476909739999613e+00,-3.957308727310000052e+00,-1.786764180290000059e+00
-1.702888376750000177e+01,9.270173633749999453e+01,-1.919778739039999849e+01,3.029758080599999914e+01,4.169467039159999722e+00,9.778098090829999478e+00,9.197431071749999631e-01,3.566398377230000083e+00,-6.225803743469999763e-01,3.279771490579999949e+00,4.058325005370000405e+00,5.047915882469999893e+00,3.886288303739999783e-01,1.106783327790000104e+00,-2.045040464149999959e+00
-1.142093857480000025e+02,1.426552679840000053e+02,-2.302257085740000164e+01,2.809518049269999906e+01,4.649994229419999847e+00,8.455138678839999145e+00,-9.316277651129999171e+00,7.128460912919999615e+00,3.622413776700000199e+00,-4.170961694569999878e+00,-6.476506111309999980e+00,7.437351545429999877e-01,-1.311047278990000065e+00,-4.230816438650000233e-01,-2.169110690419999987e-01
-1.918331283030000023e+01,7.396834801459999653e+01,-6.523940073550000385e+00,3.397932109269999756e+01,9.955908296029999605e+00,1.162430934280000017e+01,-4.916655224659999823e-01,9.010886491260000852e+00,1.529701694829999958e+00,1.099676764600000034e+01,-2.485726744149999945e+00,3.911320126040000122e+00,7.556201091399999958e-02,1.332853642399999927e+00,2.503807253670000121e-01
-1.325322644089999926e+02,1.103951436979999983e+02,5.726763977420000096e+00,3.328508923300000077e+01,1.153651679799999918e+01,1.157180093660000075e+01,1.165553039119999923e+01,1.183037203960000028e+01,2.125320035040000111e+00,6.441674108419999989e+00,1.068159984669999929e+01,3.925754207689999831e+00,3.945898831530000095e+00,1.227050622079999931e+00,1.249742724349999889e+00
-5.225814424010000181e+00,7.910849584659999323e+01,-1.320309671110000060e+01,2.274973471959999927e+01,9.783991512789999234e+00,9.479011824549999687e+00,-3.905225691090000062e+00,1.492580775369999913e+01,3.947615701400000177e-01,1.091694495529999998e+01,2.123571942759999942e+00,5.375106168270000317e+00,-2.310334284130000082e+00,1.314033935050000101e+00,3.227284399109999757e-01
-7.343463459039999464e+01,8.551710806789999708e+01,-2.018965114399999905e+01,3.273170602860000145e+01,6.139198289660000363e+00,3.576596989570000051e+00,4.478331769839999588e+00,8.069668842329999592e+00,-3.856359759980000135e+00,4.679389598260000227e+00,1.567568111009999932e+00,1.745318169609999970e+00,-1.381472270300000138e-01,-2.682000506350000091e+00,-1.394006413410000089e+00
-1.306133725860000006e+01,7.001194006330000263e+01,-1.735424888920000086e+01,1.703013867929999847e+01,5.750021293849999715e+00,1.075398447519999934e+01,5.113848776310000233e+00,8.943806237340000465e+00,3.565666305749999876e-01,6.846720956959999604e+00,2.519270124300000191e+00,1.214153653239999908e+00,-2.612712100810000049e+00,5.131101743120000336e+00,-7.477311126979999667e-01
-5.954176065309999899e+01,8.661650093350000645e+01,-1.475058733940000089e+01,1.464640573650000022e+01,2.822961138109999979e+01,1.052344936729999958e+01,5.276273806479999884e+00,3.765277485639999977e+00,5.021923391999999708e+00,-8.241356932540000457e-01,-4.652999104129999786e-02,3.370688136109999955e-01,-4.178787869279999789e+00,-7.582090079940000393e+00,-3.060555789679999972e+00
-6.332186719170000089e+01,6.688857986390000576e+01,-2.621202122040000138e+00,3.583764653410000278e+01,1.090827691470000005e+01,1.043112118980000069e+01,6.244459311600000007e+00,5.940009521020000349e+00,7.779410795279999569e+00,5.155724834639999976e+00,4.380095796630000038e+00,2.103298838580000218e+00,-4.202816543459999998e+00,-1.713816210280000085e+00,-1.045828781580000033e+00
-3.587932621510000075e+01,7.700740739799999801e+01,-2.031470326350000022e+01,1.300599827149999932e+01,1.535578822519999953e+01,8.461440022239999692e+00,9.865963280189999907e+00,4.293624774499999575e+00,4.838303743079999997e+00,2.835103416900000006e+00,2.183183319299999869e+00,-8.498180045380000491e-01,-1.578540696529999954e+00,2.617355055470000025e+00,3.687626222790000075e+00
-6.824066683920000287e+01,7.921538334490000466e+01,-6.453339914309999870e+00,2.387748746460000149e+01,6.092636748420000359e+00,6.447454901709999575e+00,4.204814686789999811e+00,6.277729287879999509e-01,3.200490055700000003e+00,6.509813535049999711e-01,3.406845875730000195e-01,-1.078769155779999989e-01,-2.125085177869999953e+00,-3.345974224219999904e+00,-1.001252879950000008e+00
-5.919592084549999811e+01,7.863955893380000362e+01,-2.846411955720000009e+01,1.743750785450000151e+01,3.296265546039999883e+00,4.766737207540000298e+00,1.153702648990000057e+01,-2.553883109910000115e-01,9.637124406859999937e+00,6.213801875699999755e+00,2.792813992729999972e-01,3.894464738109999935e+00,8.039738465410000146e-01,-2.096535017860000072e-01,3.708700565100000013e+00
-9.551119227559999558e+01,1.306056827959999964e+02,-7.138870169109999608e+00,1.331917378800000051e+01,-8.075328782309999509e-01,1.150556873150000037e+01,7.680614524590000158e+00,5.494811776079999710e+00,3.153307490170000005e+00,3.995328598569999889e-01,-2.358094578969999855e+00,-5.981211842660000277e-01,6.495314919269999931e-01,4.185062207439999682e+00,3.697464744959999994e+00
-1.451526574060000030e+02,1.428840847490000101e+02,-4.977662885390000014e+01,7.176998644309999520e+01,3.805885341619999807e+00,6.710629433490000295e+00,4.223582448360000186e+00,-9.002100640909999285e+00,1.727046257270000051e+00,-4.334494647989999727e+00,-5.300121977889999947e+00,-6.931634493939999864e+00,-2.185471016250000176e+00,-6.076934806929999766e+00,-4.519831314460000193e+00
-9.135866986569999426e+01,1.012679098259999932e+02,-9.388068634090000586e+00,1.423206605839999916e+01,1.116439178349999928e+01,5.523817155479999741e+00,-8.330638322749999602e+00,-6.378231501250000157e+00,-2.386298653289999905e+00,7.755784334060000340e+00,7.666011232459999825e+00,6.107421623379999609e+00,6.902253813449999997e-01,1.707426257759999899e+00,-1.625835052970000083e+00
-6.056542440959999851e+01,6.098839169229999868e+01,-8.988339832119999429e+00,3.306521277169999706e+01,8.542713316869999574e+00,6.219572581679999601e+00,6.459164264810000056e+00,3.179455733130000183e+00,-9.967754577699999841e-01,1.121578704949999894e+00,9.702490685939999526e-01,5.390676117289999736e-01,2.820076731249999913e+00,8.870561807889999484e-01,2.346624738630000095e+00
-9.018977037729999324e+01,1.414795486099999948e+02,-3.618408491259999948e+01,3.777733389560000177e+01,-5.055275264839999672e+00,1.535698711799999927e+01,-4.470783924680000188e-01,8.127600638240000563e+00,-1.681671446900000033e+00,4.265358748459999738e-01,1.236694992669999937e+00,-6.789006584030000013e+00,3.077187158299999892e-01,-1.195652919490000077e+00,-3.665815123769999850e+00
-1.629349076860000025e+02,1.348947923940000067e+02,-1.872405990060000136e-01,2.519796763620000135e+01,5.530357423829999952e+00,2.977454510279999855e+00,2.821131402139999800e+00,1.143270440979999947e+01,5.549806720230000323e+00,-2.428297579850000165e+00,6.401834542219999591e+00,3.796454598219999976e+00,4.358452812020000344e+00,-2.470263627620000069e+00,-2.772613595000000153e+00
-1.653562354919999962e+02,1.315828000539999891e+02,1.999840025379999986e+01,2.481178555480000014e+01,5.625711609510000155e-01,8.739275431150000273e+00,1.026560674079999913e+01,3.276774901720000077e+00,-1.284456795579999921e+00,2.537549709329999903e+00,2.541996109229999856e+00,4.211116391420000049e+00,4.531358281880000227e+00,2.269561723159999822e+00,3.361417893390000078e+00
-7.514740790429999606e+01,7.683986989429999426e+01,3.287029638060000281e+01,2.958280043619999944e+01,4.672329653210000266e+00,9.323985776200000686e+00,9.321388153609999616e-01,-8.702097459900000331e-02,-1.232359187829999980e+00,-3.923187536459999958e-01,1.521009939050000037e+00,4.850722391449999726e+00,-8.140207537800000503e-01,-1.948476706859999963e+00,1.877065372019999900e+00
-2.170076563449999867e+02,1.306671260690000054e+02,6.464393618899999971e+00,2.253046127729999881e+01,1.194787088260000019e+01,2.642149970759999800e+00,1.238476979060000094e+00,-4.166641607599999908e+00,-3.691508805709999841e+00,2.334257655020000044e-01,-2.554298584350000123e+00,-4.823959938679999837e+00,-2.987023582209999972e+00,-2.493491425899999836e+00,8.678635399330000277e-01
-2.916040690960000070e+00,5.456407746419999683e+01,-7.847146779140000028e+00,2.238156039180000079e+01,1.385590545390000017e+01,7.408044606079999816e+00,3.465964748479999802e+00,3.914574601380000018e+00,3.572714192399999988e-01,4.905924899300000419e+00,3.012022326429999897e+00,1.571828779999999925e+00,-6.904989290799999624e-02,1.484230034569999912e+00,1.880237233819999965e+00
-1.340489091889999997e+02,9.113482071449999466e+01,-9.819570719990000640e+00,1.772064444529999960e+01,9.836809489929999373e+00,9.188961466660000355e+00,2.129936992909999827e+00,-5.917000373570000527e-01,-9.503004338049999555e-01,-2.249881378550000033e+00,-2.072238244829999854e+00,-2.582602502399999889e+00,-5.298911501200000096e+00,-4.193836247950000207e+00,-1.661517243810000100e+00
-9.766530048309999756e+01,1.348854280360000075e+02,1.075269430030000084e+00,1.213215386219999914e+01,4.781554070660000377e+00,1.953485044260000025e+00,6.845841351229999816e-01,5.290551918929999875e-01,-3.131550123349999826e+00,-2.501404753510000134e+00,5.254040519820000199e-01,-4.380545944820000287e-02,2.787602937129999958e+00,-2.678184157010000122e-01,-1.433314831019999902e+00
-3.721600748390000213e+00,5.590156011570000061e+01,1.526990129759999926e+00,2.756286812780000162e+01,7.640350690740000061e+00,9.735308806669999981e+00,-4.051902035970000426e+00,5.632611321659999781e+00,-1.285684402840000073e+00,3.415644596379999953e+00,5.530891054279999608e+00,4.857123266030000108e-01,8.659954753120000515e-01,-3.250836798549999962e+00,-2.767212585809999847e+00
-6.346795902120000221e+01,7.199140358479999691e+01,1.655516373240000050e+01,4.708657807629999859e+00,7.584789468720000372e+00,9.375772785189999681e+00,1.815237447159999906e+00,3.810380434579999864e+00,-9.512711725060000179e-01,-1.947958169939999928e+00,1.537027632510000075e+00,-4.426454493479999863e-01,6.519745844440000271e-01,-1.864164337590000109e+00,3.372648759070000057e+00
-1.441015622939999901e+02,1.133738159910000007e+02,2.235657754889999893e+01,9.796729155119999533e+00,3.598362299859999780e+00,4.106443801820000239e+00,2.548002330550000138e+00,3.582097958519999903e+00,-5.106069872930000031e+00,2.400165920230000083e+00,-2.983368156670000104e+00,-1.830522127640000107e+00,-3.761602065790000005e+00,-5.130381129399999907e+00,3.701665881560000093e-01
-2.173710810139999978e+02,1.116416800819999935e+02,4.062561474430000175e+01,1.141447736219999953e+01,3.452465517939999895e+00,8.604457724619999581e+00,7.778160786519999981e+00,3.034235930799999981e+00,1.390345611100000101e-01,-2.099449323739999984e-01,-8.840727021759999804e-01,4.639050234339999967e+00,1.085199349270000058e+00,-4.003063594940000414e+00,-3.632883645120000171e+00
-9.595378482579999968e+01,9.508343346329999690e+01,-2.281484229020000143e+00,9.326454735220000458e+00,7.054378862510000125e+00,6.769526212379999741e+00,6.535727021709999640e+00,2.509427201189999845e+00,2.002935409509999925e-04,-3.234704855839999893e-01,1.043447135090000089e+00,-1.401645146479999937e+00,-1.866178318210000020e+00,-1.596799071189999975e+00,1.126859031199999972e+00
-1.948071859860000075e+02,1.139695620889999930e+02,4.845572956579999868e+01,2.229965219709999857e+01,1.288883732829999929e+01,5.106368052069999663e+00,-9.641746423470000105e-01,-1.816164949950000107e+00,-7.299617225239999563e+00,-7.548871028419999796e+00,-2.346283455100000026e+00,-3.903864012130000116e+00,-1.383200140270000045e+00,-5.927926592309999965e-01,3.101464489590000095e+00
-2.038546550799999864e+02,8.066086453750000373e+01,4.428585326129999800e+01,1.654772574389999917e+01,9.698825955249999353e+00,6.295308330360000149e+00,3.365623462869999916e+00,3.932422873999999791e+00,-1.248571916009999949e+00,5.858464995709999901e-01,1.439402267259999979e+00,-2.473379291630000143e+00,-2.447716205539999912e+00,-5.787378006389999996e+00,-1.431696575839999985e+00
-2.700896709439999768e+02,1.389245243260000109e+02,3.765820429989999951e+01,1.790578176380000031e+01,1.440723762120000018e+01,5.517749331020000092e+00,7.269489242519999728e+00,5.130618886169999726e+00,-3.117592360510000216e+00,6.818069559449999595e-01,-7.026047315600000287e-01,1.479750834639999901e+00,2.398093054619999887e+00,-1.222402566550000014e+00,1.768462723020000071e+00
-1.052959453149999973e+02,1.059025486150000006e+02,-2.364473121589999849e+01,3.686267253359999785e+01,-6.684201382060000363e+00,2.510450253309999979e+01,-1.470951062359999995e+01,1.948338626239999982e+01,-1.740937806100000174e+01,8.623764014669999867e+00,-9.453937511910000424e+00,4.182397117519999874e+00,-6.110691397900000155e+00,-2.383386934420000103e-01,-5.614339612330000229e+00
-8.978275919989999920e+01,1.035452154110000009e+02,-3.264155459860000263e+01,4.270368939130000285e+01,-1.518710671080000019e+01,1.875081480649999932e+01,-1.142156336320000065e+01,1.853223564660000022e+01,-6.352545741300000159e+00,1.073842807760000007e+01,-5.567103077139999634e+00,6.459609101869999925e+00,-4.113229847440000420e+00,-4.047791368220000074e-01,-1.033699515770000049e-01
-2.473452481710000086e+02,1.081580223490000066e+02,-1.935605783460000140e+01,4.257119625610000213e+01,-3.843136547999999930e+00,1.040238989570000072e+01,-1.769378145570000171e+01,2.102289433680000030e+01,-1.743147981710000138e+01,7.563375940950000320e+00,-3.929482234990000045e+00,1.625540537640000061e+00,-9.615088103330000635e+00,8.076834044930000234e-01,-5.148728268950000242e+00
-1.208601494979999984e+02,9.611652335910000033e+01,-6.424800418070000241e+00,4.656784444750000063e+01,-1.228953840660000019e+01,1.288691781460000030e+01,-1.536987801509999940e+01,2.163013069149999978e+01,-1.400146122329999976e+01,1.271421822299999960e+01,-8.193931231380000568e+00,8.940109156420000147e+00,-7.102402078529999940e+00,4.150712557910000156e-01,-4.230645245899999907e+00
-1.186465102250000001e+02,8.928808023359999879e+01,-5.748336380689999636e+00,4.623719005430000095e+01,-5.872819288629999690e+00,2.550283402040000169e+01,-1.061403782510000049e+01,2.086523781640000053e+01,-1.849858961320000006e+01,1.229799940050000018e+01,-1.114728510209999968e+01,5.852192484109999704e+00,-2.694220974849999894e+00,4.049445393450000097e+00,-6.050210457770000438e+00
-1.998399963640000010e+02,9.404813632469999618e+01,-4.523468687620000317e+00,4.611389957789999983e+01,-8.495054198609999219e+00,1.733048056419999838e+01,-1.851908806659999840e+01,1.919960794409999849e+01,-2.553822454930000063e+01,8.046407393919999151e+00,-8.220513086520000456e+00,8.755973106590000388e-01,-1.713765633439999991e+00,1.197714317400000006e+00,-3.134615367179999890e+00
